{
  "project_info": {
    "project_number": "383955603290",
    "project_id": "pertanianapp-824f4",
    "storage_bucket": "pertanianapp-824f4.firebasestorage.app"
  },
  "client": [
    {
      "client_info": {
        "mobilesdk_app_id": "1:383955603290:android:618c4f8188bafb7e812d63",
        "android_client_info": {
          "package_name": "com.example.final_project"
        }
      },
      "oauth_client": [],
      "api_key": [
        {
          "current_key": "AIzaSyADaw3xN7o8z4TFJEPmr8mJgK9tz9RN1X0"
        }
      ],
      "services": {
        "appinvite_service": {
          "other_platform_oauth_client": []
        }
      }
    }
  ],
  "configuration_version": "1"
}